{
    "Train": {
        "Accuracy": 0.9999911886509825,
        "F1 Score": 0.9973614775725593,
        "PR AUC": 0.9999999999999999,
        "ROC AUC": 1.0
    },
    "Test": {
        "Accuracy": 0.9995418179254926,
        "F1 Score": 0.8522727272727273,
        "PR AUC": 0.8226554133343266,
        "ROC AUC": 0.970280080530004
    }
}